[
  {
    "description": "RM05013",
    "command": "sh /tmp/defaultadddisk/adddisk",
    "log": "/tmp/defaultadddisk",
    "location": "/tmp/defaultadddisk",
    "timeout": 1800000,
    "type": "ADDON_DISK",
    "hypervisortypes":"[\"ESX\",\"zVM\",\"PureSystems_ESX\",\"PureSystems_XBM\"]",
    "keys":
      [
        {
          "scriptkey": "DISK_SIZE_GB",
          "scriptvalue": "10",
          "scriptdefaultvalue": "10",
          "type": "positiveinteger"
        },
        {
          "scriptkey": "FILESYSTEM_TYPE",
          "scriptvalue": "ext3",
          "scriptdefaultvalue": "ext3"
        },
        {
          "scriptkey": "MOUNT_POINT",
          "scriptvalue": "",
          "scriptdefaultvalue": ""
        }
      ]
  }
]
